{
  "week_start": "2025-12-07",
  "week_end": "2025-12-13",
  "display_range": "December 07 - December 13, 2025",
  "days": [
    {
      "date": "2025-12-07",
      "day_name": "Sunday",
      "display_date": "Sunday, December 7, 2025",
      "event_count": 38,
      "file": "denver_2025_12_07.json"
    },
    {
      "date": "2025-12-08",
      "day_name": "Monday",
      "display_date": "Monday, December 8, 2025",
      "event_count": 221,
      "file": "denver_2025_12_08.json"
    },
    {
      "date": "2025-12-09",
      "day_name": "Tuesday",
      "display_date": "Tuesday, December 9, 2025",
      "event_count": 248,
      "file": "denver_2025_12_09.json"
    },
    {
      "date": "2025-12-10",
      "day_name": "Wednesday",
      "display_date": "Wednesday, December 10, 2025",
      "event_count": 231,
      "file": "denver_2025_12_10.json"
    },
    {
      "date": "2025-12-11",
      "day_name": "Thursday",
      "display_date": "Thursday, December 11, 2025",
      "event_count": 242,
      "file": "denver_2025_12_11.json"
    },
    {
      "date": "2025-12-12",
      "day_name": "Friday",
      "display_date": "Friday, December 12, 2025",
      "event_count": 177,
      "file": "denver_2025_12_12.json"
    },
    {
      "date": "2025-12-13",
      "day_name": "Saturday",
      "display_date": "Saturday, December 13, 2025",
      "event_count": 102,
      "file": "denver_2025_12_13.json"
    }
  ]
}