{
  "week_start": "2025-12-21",
  "week_end": "2025-12-27",
  "display_range": "December 21 - December 27, 2025",
  "days": [
    {
      "date": "2025-12-21",
      "day_name": "Sunday",
      "display_date": "Sunday, December 21, 2025",
      "event_count": 38,
      "file": "denver_2025_12_21.json"
    },
    {
      "date": "2025-12-22",
      "day_name": "Monday",
      "display_date": "Monday, December 22, 2025",
      "event_count": 220,
      "file": "denver_2025_12_22.json"
    },
    {
      "date": "2025-12-23",
      "day_name": "Tuesday",
      "display_date": "Tuesday, December 23, 2025",
      "event_count": 244,
      "file": "denver_2025_12_23.json"
    },
    {
      "date": "2025-12-24",
      "day_name": "Wednesday",
      "display_date": "Wednesday, December 24, 2025",
      "event_count": 228,
      "file": "denver_2025_12_24.json"
    },
    {
      "date": "2025-12-25",
      "day_name": "Thursday",
      "display_date": "Thursday, December 25, 2025",
      "event_count": 237,
      "file": "denver_2025_12_25.json"
    },
    {
      "date": "2025-12-26",
      "day_name": "Friday",
      "display_date": "Friday, December 26, 2025",
      "event_count": 177,
      "file": "denver_2025_12_26.json"
    },
    {
      "date": "2025-12-27",
      "day_name": "Saturday",
      "display_date": "Saturday, December 27, 2025",
      "event_count": 102,
      "file": "denver_2025_12_27.json"
    }
  ]
}