{
  "week_start": "2026-02-11",
  "week_end": "2026-02-17",
  "display_range": "February 11 - February 17, 2026",
  "days": [
    {
      "date": "2026-02-11",
      "day_name": "Wednesday",
      "display_date": "Wednesday, February 11, 2026",
      "event_count": 67,
      "file": "denver_2026_02_11.json"
    },
    {
      "date": "2026-02-12",
      "day_name": "Thursday",
      "display_date": "Thursday, February 12, 2026",
      "event_count": 76,
      "file": "denver_2026_02_12.json"
    },
    {
      "date": "2026-02-13",
      "day_name": "Friday",
      "display_date": "Friday, February 13, 2026",
      "event_count": 57,
      "file": "denver_2026_02_13.json"
    },
    {
      "date": "2026-02-14",
      "day_name": "Saturday",
      "display_date": "Saturday, February 14, 2026",
      "event_count": 23,
      "file": "denver_2026_02_14.json"
    },
    {
      "date": "2026-02-15",
      "day_name": "Sunday",
      "display_date": "Sunday, February 15, 2026",
      "event_count": 6,
      "file": "denver_2026_02_15.json"
    },
    {
      "date": "2026-02-16",
      "day_name": "Monday",
      "display_date": "Monday, February 16, 2026",
      "event_count": 74,
      "file": "denver_2026_02_16.json"
    },
    {
      "date": "2026-02-17",
      "day_name": "Tuesday",
      "display_date": "Tuesday, February 17, 2026",
      "event_count": 85,
      "file": "denver_2026_02_17.json"
    }
  ]
}