{
  "week_start": "2026-01-07",
  "week_end": "2026-01-13",
  "display_range": "January 07 - January 13, 2026",
  "days": [
    {
      "date": "2026-01-07",
      "day_name": "Wednesday",
      "display_date": "Wednesday, January 7, 2026",
      "event_count": 229,
      "file": "denver_2026_01_07.json"
    },
    {
      "date": "2026-01-08",
      "day_name": "Thursday",
      "display_date": "Thursday, January 8, 2026",
      "event_count": 238,
      "file": "denver_2026_01_08.json"
    },
    {
      "date": "2026-01-09",
      "day_name": "Friday",
      "display_date": "Friday, January 9, 2026",
      "event_count": 176,
      "file": "denver_2026_01_09.json"
    },
    {
      "date": "2026-01-10",
      "day_name": "Saturday",
      "display_date": "Saturday, January 10, 2026",
      "event_count": 101,
      "file": "denver_2026_01_10.json"
    },
    {
      "date": "2026-01-11",
      "day_name": "Sunday",
      "display_date": "Sunday, January 11, 2026",
      "event_count": 39,
      "file": "denver_2026_01_11.json"
    },
    {
      "date": "2026-01-12",
      "day_name": "Monday",
      "display_date": "Monday, January 12, 2026",
      "event_count": 220,
      "file": "denver_2026_01_12.json"
    },
    {
      "date": "2026-01-13",
      "day_name": "Tuesday",
      "display_date": "Tuesday, January 13, 2026",
      "event_count": 245,
      "file": "denver_2026_01_13.json"
    }
  ]
}